sampler_label,aggregate_report_count,average,aggregate_report_min,aggregate_report_max,aggregate_report_90%_line,aggregate_report_stddev,aggregate_report_error%,aggregate_report_rate,aggregate_report_bandwidth,average_bytes
HTTP Request,13322,51,1,1020,116,47.36180846584924,0.2607716559075214,641.0046672761391,633.8841202846075,1012.624981234049
TOTAL,13322,51,1,1020,116,47.36180846584924,0.2607716559075214,641.0046672761391,633.8841202846075,1012.624981234049
