sampler_label,aggregate_report_count,average,aggregate_report_min,aggregate_report_max,aggregate_report_90%_line,aggregate_report_stddev,aggregate_report_error%,aggregate_report_rate,aggregate_report_bandwidth,average_bytes
HTTP Request,609,171,2,902,384,151.33907297475193,0.054187192118226604,327.7717976318622,990.2801020923035,3093.7586206896553
TOTAL,609,171,2,902,384,151.33907297475193,0.054187192118226604,327.7717976318622,990.2801020923035,3093.7586206896553
